sensor_index,count,min,median,max,mean,std,gt250_frac,gt500_frac,gt1000_frac,name,latitude,longitude,remove_reason
4355,264,0.9,8.7,22.5,9.441666666666666,5.038740286573486,0.0,0.0,0.0,Laurel/California,36.968987,-122.03479,
5488,175,1.7,13.8,52.9,15.545142857142858,10.084594308376124,0.0,0.0,0.0,Spruce @ 16th,36.618027,-121.919815,
5650,264,0.7,8.5,30.8,9.895454545454546,6.175006210016595,0.0,0.0,0.0,Midtown Santa Cruz,36.981,-122.012,
7846,264,0.2,6.6,36.1,9.638257575757576,7.723383977913089,0.0,0.0,0.0,Hillside Ave,36.603,-121.9294,
9190,261,0.0,2.5,25.6,4.376245210727969,4.90054656304412,0.0,0.0,0.0,CCA Tierra Grande and Via Paloma,36.537224,-121.79822,
9750,264,0.0,0.7,15.8,1.6090909090909091,2.2133007728493994,0.0,0.0,0.0,Las Cumbres,37.208908,-122.06513,
11032,172,1.0,8.350000000000001,45.4,11.188953488372093,9.5620684014905,0.0,0.0,0.0,Hollister_snnyslp_ln,36.83655,-121.37074,
18561,264,0.3,5.7,32.7,8.280681818181819,7.065971439587583,0.0,0.0,0.0,Del Rey Oaks,36.591408,-121.83396,
18877,264,0.0,1.3,17.8,2.678787878787879,3.4456018210475396,0.0,0.0,0.0,"Los Gatos, CA",37.143368,-122.01382,
19211,264,1.0,10.75,36.8,12.395454545454546,8.030165216530115,0.0,0.0,0.0,SempleAve ,36.967335,-121.88514,
19457,264,0.2,4.75,22.4,6.099242424242425,4.452222006225438,0.0,0.0,0.0,Soquel Elementary,36.985897,-121.95652,
19463,264,0.4,5.8,18.2,6.549621212121211,3.578941344692569,0.0,0.0,0.0,downtown on River Street,36.97847,-122.02638,
19669,264,0.0,11.2,41.7,13.659848484848483,11.191831349262728,0.0,0.0,0.0,Country Estates,37.050777,-122.15775,
19733,264,0.9,6.75,34.9,10.36401515151515,8.222395491554844,0.0,0.0,0.0,Grooming bays,36.924152,-121.81189,
20383,264,0.0,2.0,42.8,4.259848484848485,6.150524536022164,0.0,0.0,0.0,Firhaven Ln,37.10173,-121.90174,
20573,264,0.0,2.45,21.5,3.446212121212121,3.696075512022847,0.0,0.0,0.0,Madrone Place AQI,37.246506,-122.126465,
20607,264,1.0,7.7,34.1,10.609848484848484,7.641430597336737,0.0,0.0,0.0,Spencer Ct,36.982265,-121.98709,
21887,264,1.1,11.45,33.6,13.197727272727272,7.604571027907686,0.0,0.0,0.0,Fish,36.967377,-122.043,
22427,264,0.0,1.9,19.2,3.3000000000000003,3.5766670978044792,0.0,0.0,0.0,BigSurMiddleRoad,36.254562,-121.81609,
29349,260,0.4,7.6,33.6,9.584615384615384,7.692160794558162,0.0,0.0,0.0,Front Porch Aromas,36.905457,-121.65945,
33673,264,1.7,8.3,35.4,10.175378787878788,6.768218608019111,0.0,0.0,0.0,Fairhaven,36.5681,-121.96127,
34125,264,1.4,9.0,43.6,11.431060606060607,7.6053426545850895,0.0,0.0,0.0,PG-Lighthouse,36.617977,-121.90805,
36239,264,0.1,11.8,59.8,14.152272727272727,12.61401818974099,0.0,0.0,0.0,Jackson Ave,37.081284,-122.09461,
36559,264,0.9,6.6,41.7,10.878409090909091,9.435199634146105,0.0,0.0,0.0,SJGR Salinas,36.75225,-121.62232,
36619,264,0.0,1.6,17.9,2.706818181818182,3.309594146067365,0.0,0.0,0.0,Empire/Pine Flat,37.0837,-122.13436,
38661,264,0.0,1.5,20.6,2.7632575757575757,3.4064206867883544,0.0,0.0,0.0,Lower Favre,37.190155,-122.05823,
39489,264,0.0,1.3,15.3,2.004545454545455,2.311152121173247,0.0,0.0,0.0,IRR-IRW,37.25159,-122.12254,
42967,264,0.2,5.3,21.7,6.325757575757576,4.383179414684184,0.0,0.0,0.0,Bonny Doon,37.048027,-122.16178,
46465,264,0.2,12.95,45.5,15.129924242424243,9.7303948545091,0.0,0.0,0.0,Lompico Park,37.104336,-122.050674,
53503,264,0.1,4.1,26.2,6.317803030303031,5.735602350099756,0.0,0.0,0.0,Elk Run,36.58021,-121.86322,
53877,264,0.2,5.25,40.0,8.381060606060606,7.742310131428338,0.0,0.0,0.0,PA-2 Colleen,36.990856,-121.93677,
54745,264,0.0,2.8499999999999996,31.1,5.745454545454545,6.543494300702438,0.0,0.0,0.0,Granite Ridge,37.060158,-121.99086,
55171,264,0.3,9.55,84.1,14.811363636363636,14.579793025737692,0.0,0.0,0.0,Timber Ridge,37.07026,-121.98965,
55699,264,0.6,5.3,31.2,8.145833333333334,6.814978866108142,0.0,0.0,0.0,Viewpoint,36.98682,-121.91102,
56033,264,0.2,4.0,69.8,7.334848484848485,8.306257523421543,0.0,0.0,0.0,Monterey,36.577515,-121.85851,
60165,264,0.9,7.300000000000001,42.5,8.801893939393938,5.808676168699272,0.0,0.0,0.0,K&amp;S Lockwood,35.923088,-121.07588,
60283,257,0.4,8.5,44.1,12.12762645914397,10.638747329217018,0.0,0.0,0.0,Front Porch,36.88689,-121.58291,
60313,264,0.0,4.4,63.2,14.470075757575756,18.900915703819972,0.0,0.0,0.0,Timber Ridge Lane,37.06883,-121.98734,
60549,264,1.3,12.2,32.4,13.379545454545454,7.292698975532716,0.0,0.0,0.0,alta,36.954903,-122.0388,
60829,264,0.2,10.850000000000001,39.5,11.332954545454546,7.2527596152050195,0.0,0.0,0.0,QUIEN SABE,37.04412,-122.02001,
60843,264,0.6,7.4,29.3,9.871212121212121,6.849001817900296,0.0,0.0,0.0,eyeCatchLight Photography,36.969906,-122.048134,
62207,264,1.0,6.05,20.3,7.040909090909091,4.359247057905323,0.0,0.0,0.0,15th Avenue,36.96255,-121.99147,
63111,264,0.1,6.8,18.3,6.883712121212121,3.879339817870318,0.0,0.0,0.0,Marley,37.001842,-122.01962,
63115,264,0.2,5.25,37.0,7.525757575757575,6.643709637762094,0.0,0.0,0.0,Camino Real,36.558426,-121.927345,
63213,264,0.8,4.0,16.2,5.520075757575757,3.991894638881038,0.0,0.0,0.0,Canon Del Sol - La Selva Beach,36.92184,-121.85166,
63507,264,0.1,5.05,79.9,6.771590909090909,8.033706778796056,0.0,0.0,0.0,Granite Creek Rd,37.036686,-121.99748,
63873,264,1.0,10.4,41.5,12.441287878787879,8.386785722845028,0.0,0.0,0.0,Capitola Mall/Live Oak,36.970737,-121.9691,
63933,264,0.9,10.45,46.9,12.852651515151514,9.294202400740437,0.0,0.0,0.0,Colton out,36.591637,-121.90228,
64315,264,0.0,3.3,42.2,8.497727272727273,10.669764437046727,0.0,0.0,0.0,Darwin's House,37.141586,-121.97135,
64447,264,1.2,7.85,38.7,10.718560606060606,7.812400947638001,0.0,0.0,0.0,Hawthorne and Drake,36.611008,-121.9008,
64711,264,0.1,5.5,41.4,9.18030303030303,7.874726762296411,0.0,0.0,0.0,Stance Ave,36.993504,-121.94746,
65421,264,0.3,27.5,73.1,29.305681818181817,18.986999902902625,0.0,0.0,0.0,Brackney,37.067093,-122.0805,
65657,264,1.4,9.9,87.9,12.940151515151515,9.628319761091383,0.0,0.0,0.0,Pleasure Point,36.958485,-121.97253,
65695,264,0.2,6.7,33.4,9.76098484848485,7.395026625932367,0.0,0.0,0.0,Western Court,36.96797,-122.05804,
65947,264,1.3,6.35,26.4,7.868560606060607,4.862485029067945,0.0,0.0,0.0,Sunny Cove,36.961082,-121.98862,
66169,264,0.0,3.8,41.9,8.64280303030303,10.349729763698555,0.0,0.0,0.0,End of Echo Drive,37.142715,-121.97199,
66185,264,0.6,9.2,36.8,12.57689393939394,9.550300903632571,0.0,0.0,0.0,SanMiguelCyn / TwinLakes Dr,36.87375,-121.689995,
66355,264,0.4,5.5,31.3,7.076515151515152,6.328616399205015,0.0,0.0,0.0,Carmel Valley Ranch,36.5185,-121.79684,
66419,51,7.8,12.8,35.4,13.762745098039215,5.250712743402128,0.0,0.0,0.0,Christensen Ranch Airport,36.871403,-121.337685,
67193,264,1.9,9.4,40.7,14.089015151515152,10.165063209493656,0.0,0.0,0.0,Crest Lane Outdoors,36.91816,-121.83805,
67323,264,0.1,4.55,25.1,7.784090909090909,7.248976112784434,0.0,0.0,0.0,LV outside,36.996357,-121.874214,
67349,264,0.0,3.9,37.7,7.258712121212121,8.206155521870768,0.0,0.0,0.0,Fontenay Villa,37.08076,-121.97402,
67379,264,1.6,11.1,32.8,12.753030303030304,7.536021879170521,0.0,0.0,0.0,Roof,36.973373,-121.90826,
67465,264,0.0,2.25,22.6,3.6609848484848486,4.117240088522603,0.0,0.0,0.0,Agrinemsors - outside,36.46259,-121.729294,
67477,264,1.4,13.1,41.3,14.719696969696969,7.902744764495838,0.0,0.0,0.0,MH outside,36.968086,-122.03695,
67817,264,0.3,5.8,36.8,8.29280303030303,7.355176218705011,0.0,0.0,0.0,CBS_SV,36.55621,-121.91748,
68057,264,0.0,0.9,18.1,1.9553030303030305,2.86942223073596,0.0,0.0,0.0,SCT Outside,36.43751,-121.79037,
68117,264,0.9,12.3,46.7,14.79469696969697,10.082762570273486,0.0,0.0,0.0,Lynwood Place (Outside),36.94366,-121.797195,
68515,144,0.0,2.1500000000000004,22.3,3.1333333333333333,3.410698921462745,0.0,0.0,0.0,Lower Beatty,37.204376,-122.077896,
68533,264,0.4,4.8,26.7,6.057954545454545,5.121424207608254,0.0,0.0,0.0,N.H. Hatton Road,36.54794,-121.9143,
69259,264,0.1,2.8,33.9,5.851515151515152,7.369374349559944,0.0,0.0,0.0,Summit West - Mountain Charlie,37.133663,-121.99027,
69267,185,0.3,3.2,33.2,6.1816216216216215,7.056148072207757,0.0,0.0,0.0,Calera Wine Company,36.738834,-121.37092,
69557,264,0.5,12.7,34.7,12.909848484848483,8.284250115547929,0.0,0.0,0.0,Ashley and Balir,37.053818,-122.076485,
69681,264,1.1,11.149999999999999,109.0,15.4625,13.958678665118907,0.0,0.0,0.0,Front Porch,36.876312,-121.62787,
69899,264,1.4,8.55,40.1,11.039015151515152,8.045471565706917,0.0,0.0,0.0,The Dunes Marina,36.66424,-121.80471,
70475,264,0.2,17.35,34.4,16.448863636363637,9.429074778325315,0.0,0.0,0.0,Aviator Ct,37.0524,-122.03299,
70729,264,0.2,24.85,1842.7,140.99772727272727,432.56171743053045,0.07575757575757576,0.07196969696969698,0.07196969696969698,Bluebonnet,37.050243,-122.02595,repeated_extreme_spikes
70871,264,0.0,0.2,2.6,0.28295454545454546,0.27084781307956457,0.0,0.0,0.0,Bear Creek Rec,37.141594,-122.08988,
71541,264,2.1,6.5,18.1,7.2727272727272725,3.3449488827183314,0.0,0.0,0.0,Felton Heights,37.042908,-122.089485,
71791,264,0.1,3.0,13.7,4.500757575757576,3.589072901295947,0.0,0.0,0.0,Schiller2,36.970497,-122.05811,
71793,264,0.4,13.05,43.1,15.088257575757577,9.752654625156422,0.0,0.0,0.0,Quail Hollow Bowl,37.08128,-122.07145,
72253,264,1.0,11.95,164.5,17.601136363636364,18.128438014993563,0.0,0.0,0.0,Buena Vista Outside,37.1509,-122.1251,
72333,264,0.3,5.75,25.7,8.03560606060606,6.1796505564728506,0.0,0.0,0.0,Spring Street Outside,36.982567,-122.04551,
72573,264,0.2,6.7,37.3,10.214772727272727,9.290539033743107,0.0,0.0,0.0,Sensor3,36.82974,-121.64596,
72597,264,0.1,0.4,8.0,0.781060606060606,1.106368194528507,0.0,0.0,0.0,San Bernabe,36.589924,-121.90349,
73195,264,0.9,23.549999999999997,80.2,23.74507575757576,11.502093312288038,0.0,0.0,0.0,Hihn/Azalea,37.074978,-122.07756,
73215,264,1312.8,1669.0,1679.2,1663.2541666666666,31.74096652524789,1.0,1.0,1.0,Pacific Elementary School,37.011806,-122.19473,stuck_high
73219,264,0.2,5.25,49.6,8.963636363636365,9.764144640821621,0.0,0.0,0.0,CV Village,36.481075,-121.733665,
73589,264,5.3,66.6,113.4,63.56439393939394,19.043027655624797,0.0,0.0,0.0,HolbrookHouse,37.05646,-122.02592,
73683,264,0.8,8.850000000000001,35.8,10.213636363636365,6.533677281427063,0.0,0.0,0.0,Harper Court,36.97484,-121.989395,
74183,264,0.0,0.9,47.0,1.9928030303030304,3.6427104800771333,0.0,0.0,0.0,Shear Creek,37.202442,-122.06677,
74529,264,0.3,2.6,20.0,4.142045454545454,3.9182148955242075,0.0,0.0,0.0,Edgefield Drive,36.56183,-121.90849,
74825,264,0.9,8.25,36.4,10.947727272727272,7.245042525955494,0.0,0.0,0.0,Nobel Gulch Park,36.97698,-121.95003,
75019,264,0.5,7.1,42.5,11.146590909090909,10.532801730227435,0.0,0.0,0.0,The Cosmic Center,36.816586,-121.73004,
75153,264,0.4,6.35,38.4,9.184469696969696,7.859847986068001,0.0,0.0,0.0,Spyglass #16,36.586884,-121.94758,
75753,264,0.7,6.1,41.3,9.989772727272728,8.854554022894003,0.0,0.0,0.0,"Corallitos, CA",36.978012,-121.82062,
76373,264,0.5,6.9,30.9,9.653409090909092,7.017375754396804,0.0,0.0,0.0,OnTheCliff,36.962433,-122.05608,
76499,264,0.1,5.5,59.2,7.243181818181818,7.211336588238665,0.0,0.0,0.0,Harper,36.568073,-121.70494,
77051,264,0.1,16.65,110.6,16.421212121212122,11.822476693957494,0.0,0.0,0.0,Navigator Drive,37.05044,-122.03397,
77451,264,0.9,22.0,110.6,23.636363636363637,14.665029263677864,0.0,0.0,0.0,Big Foot Hill,37.038143,-122.07705,
77841,264,0.1,5.1,26.3,8.916287878787879,7.572955674678876,0.0,0.0,0.0,MVRR,36.97136,-121.86338,
78287,264,0.3,3.3,31.7,5.978787878787879,6.7628770881900975,0.0,0.0,0.0,Big Redwood Park,37.114243,-121.98243,
78433,264,0.0,2.9,26.7,5.412878787878788,5.963213022506546,0.0,0.0,0.0,Pippin,37.04834,-121.96994,
78919,264,0.0,0.1,2.5,0.15113636363636362,0.21783290672119515,0.0,0.0,0.0,19yoZemite,36.617065,-121.828094,
80409,264,0.6,7.7,22.0,8.111742424242424,4.525732761493933,0.0,0.0,0.0,Live Oak Santa Cruz,36.97257,-121.990425,
80813,264,1.2,9.7,36.8,12.252272727272727,7.86056689592659,0.0,0.0,0.0,Hickman Ct.,36.959995,-121.97731,
81047,264,0.6,7.85,35.5,10.631818181818183,7.742405263688842,0.0,0.0,0.0,Dover and Howe Outdoor,36.99021,-121.972244,
81075,264,0.2,5.15,37.3,5.708712121212121,5.085336394360447,0.0,0.0,0.0,Wente Greenfield Office,36.279583,-121.30499,
81387,264,0.2,25.45,1742.9,433.7568181818182,703.3530039505507,0.2689393939393939,0.26515151515151514,0.23863636363636365,Bad Dog Farms,36.52744,-121.84132,repeated_extreme_spikes
81843,264,0.2,5.6,26.8,7.212121212121212,6.051999390617538,0.0,0.0,0.0,Miss Eddie’s House,36.543636,-121.92493,
82067,264,1.6,15.9,40.9,17.259090909090908,9.52794931671124,0.0,0.0,0.0,Los Altos Drive,36.966465,-121.88861,
82447,189,1.0,16.9,45.3,18.104761904761904,10.730887441808054,0.0,0.0,0.0,Via Ventana,36.90906,-121.77564,
82459,264,0.0,2.8499999999999996,28.3,5.231818181818182,6.142383062415407,0.0,0.0,0.0,Summit Rd.,37.035297,-121.74771,
82905,264,0.0,13.4,56.8,18.881060606060608,14.938709421332893,0.0,0.0,0.0,Cresta Vista,37.139587,-122.12675,
83017,120,0.3,6.1,37.5,8.941666666666666,8.070119003353748,0.0,0.0,0.0,Outside La Lena St,37.108776,-122.04694,
83259,149,0.0,7.9,43.2,10.845637583892618,8.882281810720956,0.0,0.0,0.0,Outside-Tinkers,37.114655,-122.10561,
83931,264,0.0,4.15,29.6,6.538636363636364,6.389929669037885,0.0,0.0,0.0,Carmel Highlands,36.487633,-121.935036,
83999,259,0.1,12.9,95.4,15.964092664092663,12.103884324600848,0.0,0.0,0.0,Brookdale,37.104656,-122.111984,
84007,264,0.0,3.7,33.7,6.141666666666667,6.9099150855294065,0.0,0.0,0.0,AHMF,37.111412,-121.99222,
84061,264,0.1,4.2,40.6,7.63219696969697,8.023107389857895,0.0,0.0,0.0,Outlook Drive - Carmel,36.56402,-121.900856,
84119,138,0.0,2.1,86.4,3.4347826086956523,7.696502686417455,0.0,0.0,0.0,Sleeper Gulch,37.20419,-122.10903,
84123,264,0.1,3.25,36.3,6.27310606060606,7.136043320361585,0.0,0.0,0.0,Upper Pine Hills Drive,36.561016,-121.89387,
84215,264,0.1,2.4,31.8,4.505303030303031,5.467266079761524,0.0,0.0,0.0,Schulties Rd,37.118244,-121.96298,
84249,264,0.0,4.4,24.5,7.072727272727273,6.273289273831531,0.0,0.0,0.0,Huntington Ct,36.981586,-121.870636,
84331,101,1168.0,1857.8,2183.3,1872.5891089108911,214.93473051184174,1.0,1.0,1.0,Light Springs Road,37.006554,-121.83728,stuck_high
84581,264,1.2,8.4,38.6,10.731060606060606,7.058766171182527,0.0,0.0,0.0,car wash,36.98461,-121.98995,
85101,264,0.2,5.1,18.3,5.703030303030303,3.609059985129721,0.0,0.0,0.0,Trescony Backyard,36.968403,-122.040886,
85249,264,1665.6,1666.6,1799.8,1674.501893939394,23.941751959571558,1.0,1.0,1.0,Cloud9,37.227673,-122.15078,stuck_high
85575,264,0.0,1.9,12.1,2.554924242424242,2.204104017271824,0.0,0.0,0.0,Sunrise,37.09469,-122.114235,
85723,264,0.0,2.3,18.5,4.296590909090909,4.622052830109982,0.0,0.0,0.0,Ryder Road,37.075024,-122.041916,
87653,264,16.1,22.2,69.4,24.639772727272724,7.52948384315608,0.0,0.0,0.0,Amity Ranch,36.552326,-121.11999,
90443,264,0.1,3.55,35.0,6.315909090909091,7.170544199248555,0.0,0.0,0.0,Bohnen Road,37.070023,-121.95988,
92225,264,0.3,5.5,31.4,9.193939393939393,8.025224089365102,0.0,0.0,0.0,Aptos Hills,36.94754,-121.83052,
93521,264,0.4,5.45,37.8,8.88219696969697,8.208779109621668,0.0,0.0,0.0,Marc's weather station,36.596676,-121.909584,
96241,264,1.0,6.0,36.8,9.541287878787879,7.889368107367072,0.0,0.0,0.0,East Garrison,36.65262,-121.73911,
96633,264,0.1,3.8,30.6,6.57159090909091,7.113318769973901,0.0,0.0,0.0,Chalone Vineyard,36.470284,-121.229744,
96829,264,0.0,5.45,40.0,9.089772727272727,9.117088452422264,0.0,0.0,0.0,BDUESD,37.062332,-122.14793,
97265,222,0.0,3.75,23.5,5.177027027027027,5.050475018131313,0.0,0.0,0.0,Post Ranch Sierra Mar South,36.22973,-121.77173,
98167,264,0.0,0.7,25.6,3.004166666666667,4.871491295260333,0.0,0.0,0.0,Skyline Goat Trail,37.179832,-122.02993,
98209,264,0.7,9.75,43.2,13.299242424242424,10.509126912989794,0.0,0.0,0.0,Weather_Rock,36.779118,-121.72451,
102596,264,0.1,1.5,15.2,3.163257575757576,3.5905418628340318,0.0,0.0,0.0,Olive Springs Near Quarry,37.058266,-121.92316,
103870,264,0.0,3.9499999999999997,170.6,9.592424242424244,18.13455253436421,0.0,0.0,0.0,Upper Zayante,37.161026,-122.013176,
104680,264,1.9,12.25,42.1,14.32878787878788,8.371025806308957,0.0,0.0,0.0,Westside Lighthouse,36.954346,-122.032135,
108636,264,0.0,2.0,137.8,4.2303030303030305,10.93030767011326,0.0,0.0,0.0,Outside,37.232243,-122.14726,
109182,264,0.0,1.8,37.6,4.651515151515151,6.990786819606504,0.0,0.0,0.0,Cloud's Rest,37.150047,-122.00445,
109416,264,0.4,8.05,40.7,9.378787878787879,6.392147396224658,0.0,0.0,0.0,Carbonera,36.997307,-122.0149,
109528,264,0.0,3.2,51.2,6.053030303030303,7.299236268126792,0.0,0.0,0.0,Hester Creek,37.088043,-121.94188,
109856,264,0.1,4.6,31.2,8.116287878787878,8.523088740654373,0.0,0.0,0.0,Moongoat,37.0232,-121.9364,
110666,264,0.4,17.75,54.2,19.02310606060606,11.521173936315591,0.0,0.0,0.0,Blackstone Drive (outside),37.127342,-122.12728,
113220,264,0.1,4.3,36.5,6.989015151515151,7.702909959234481,0.0,0.0,0.0,Spanish Ranch,37.10412,-121.89996,
113622,264,0.0,0.0,15.3,1.9136363636363636,3.5558610691802115,0.0,0.0,0.0,22546 Summit,37.142136,-121.97597,
116111,264,1572.9,1663.75,1677.2,1654.3367424242424,22.98653379950777,1.0,1.0,1.0,Lupine Lane,36.995827,-121.98386,stuck_high
118477,261,1554.9,1663.3,1678.0,1647.1233716475097,29.91766055699636,1.0,1.0,1.0,Hawk Ridge Lane,36.994827,-121.757904,stuck_high
118953,264,0.0,4.1,23.1,5.159848484848485,5.255673882742989,0.0,0.0,0.0,Lupine Dr,37.054375,-122.02428,
120179,264,0.0,4.2,39.3,7.424621212121211,8.783996414609225,0.0,0.0,0.0,Comstock Estates,36.929104,-121.356514,
120313,264,0.0,0.8,47.6,4.8522727272727275,7.619920520019922,0.0,0.0,0.0,1943 Redwood Dr,37.003704,-121.90143,
120801,264,1432.7,1551.5,1677.6,1566.1329545454544,82.06129359245055,1.0,1.0,1.0,"135 Calera Canyon Rd, Corral de Tierra",36.5335,-121.7379,stuck_high
120831,264,0.0,0.3,31.4,4.218939393939394,6.966722995001926,0.0,0.0,0.0,Carina,36.562366,-121.81591,
120931,264,0.0,9.7,31.4,10.495075757575757,7.331499724283346,0.0,0.0,0.0,Paradise Park,37.00219,-122.038124,
120967,264,0.0,4.9,31.3,7.630303030303031,7.580231839246135,0.0,0.0,0.0,Lower Valencia Rd,36.97983,-121.891335,
121663,264,0.0,0.3,19.2,3.378409090909091,5.042053919341246,0.0,0.0,0.0,Kalkar Quarry,36.98214,-122.048676,
124645,264,0.8,13.3,52.6,15.376515151515152,10.462246884053512,0.0,0.0,0.0,SYM1122P,36.92189,-121.75982,
127271,202,0.0,4.3,44.6,8.672277227722772,9.455989902553318,0.0,0.0,0.0,Pleasure Point,36.961956,-121.96836,
128217,264,0.0,0.3,27.8,3.8587121212121214,6.3951561880584595,0.0,0.0,0.0,MG,37.058117,-121.9571,
128249,264,0.0,5.85,35.7,8.228030303030302,7.4699836801419925,0.0,0.0,0.0,Creek Dr.,37.171894,-122.14442,
131819,264,0.0,1.55,39.5,6.765151515151516,9.420376626995676,0.0,0.0,0.0,Upper Dry Creek Rd,36.59029,-121.91659,
134408,174,1605.5,1664.6,1678.8,1663.9839080459772,9.796936805250006,1.0,1.0,1.0,High Meadows,36.565357,-121.905685,stuck_high
134888,264,0.1,2.6,8.4,2.921590909090909,1.7959681628286808,0.0,0.0,0.0,Eighth St,36.660965,-121.80852,
135134,264,1565.1,1664.2,1676.8,1654.969696969697,20.803401445314073,1.0,1.0,1.0,Fieldcrest,36.603237,-121.64552,stuck_high
150824,264,0.0,3.3,53.1,5.670075757575758,6.112871665120985,0.0,0.0,0.0,Burl Road,37.032932,-122.00651,
151530,264,0.5,13.05,55.2,14.39280303030303,11.212200769944413,0.0,0.0,0.0,McMahon Road Ranch,36.91161,-121.3512,
152962,238,0.0,3.1,32.7,5.88781512605042,7.044156887877787,0.0,0.0,0.0,Skyote Mountain,37.092022,-121.997284,
156279,262,1.3,10.75,44.8,13.543893129770993,9.528446064407781,0.0,0.0,0.0,Juniper Court,36.695824,-121.80144,
156431,264,0.9,7.7,26.6,8.935984848484848,5.838084007780193,0.0,0.0,0.0,Mill Site Rd,37.058247,-122.019356,
157139,264,0.0,3.2,23.1,5.596590909090909,5.64231262479869,0.0,0.0,0.0,SCWS,37.005974,-122.07281,
159603,264,0.2,6.3,63.4,10.09128787878788,9.151697875283078,0.0,0.0,0.0,Day Valley,37.000256,-121.84941,
163037,264,0.7,11.55,1643.3,31.87348484848485,146.88502596660047,0.015151515151515152,0.015151515151515152,0.007575757575757576,ucm-7e1f,36.21948,-121.13123,
163039,264,1.7,8.8,39.0,12.758333333333333,9.137584122704045,0.0,0.0,0.0,ucm-431d,36.604824,-121.9192,
163041,263,1.0,11.2,66.0,14.24448669201521,11.057695587289338,0.0,0.0,0.0,ucm-f94b,36.67722,-121.62704,
163049,264,0.8,8.8,34.3,10.138636363636364,6.667327381131797,0.0,0.0,0.0,ucm-65cc,36.577785,-121.7175,
163069,264,0.9,8.75,71.3,12.11590909090909,9.22235941822115,0.0,0.0,0.0,ucm-8b62,36.71268,-121.61996,
163071,264,0.8,9.0,29.8,11.400757575757577,7.638873926251115,0.0,0.0,0.0,ucm-9742,36.42808,-121.33121,
163085,264,0.9,8.25,41.4,11.181060606060607,8.453767199268668,0.0,0.0,0.0,ucm-653B,36.72671,-121.65586,
163149,264,1.0,11.649999999999999,49.3,15.134848484848485,10.571724860063272,0.0,0.0,0.0,ucm-C045,36.67938,-121.62715,
163201,264,0.8,3.3,18.6,5.141666666666667,3.9042541225547067,0.0,0.0,0.0,ucm-8ba3,36.650852,-121.79771,
165015,233,0.0,1.9,24.3,3.5665236051502145,4.909016547745099,0.0,0.0,0.0,Upper Laurel Outside,36.48942,-121.73458,
171975,264,0.4,6.95,64.5,10.061742424242425,8.842608478784294,0.0,0.0,0.0,VVDDC,36.588055,-121.905106,
184713,264,0.0,2.3,41.3,6.24280303030303,8.576603226897335,0.0,0.0,0.0,Skyview,37.126644,-121.95656,
187941,264,0.1,14.5,43.8,15.622727272727271,9.397120268453824,0.0,0.0,0.0,8133 Hihn,37.06981,-122.07168,
193527,264,1.3,12.55,40.8,14.322348484848485,8.454867463021523,0.0,0.0,0.0,Gateway School (new),36.953396,-122.04876,
193987,264,0.2,6.65,51.8,12.206818181818182,10.979602195082197,0.0,0.0,0.0,Shepherds Knoll Road Bldg 2,36.581867,-121.91297,
193989,264,0.0,0.4,16.5,1.3393939393939396,2.1258952961049498,0.0,0.0,0.0,Rancho Prieta,37.106766,-121.88154,
195607,264,0.0,8.75,75.8,12.543939393939393,12.016957331605242,0.0,0.0,0.0,Westdale NW,37.06168,-122.145004,
195856,263,1.0,7.1,54.1,12.156273764258556,12.132611272565331,0.0,0.0,0.0,Valley View Park,36.823673,-121.37095,
195861,264,1.1,11.25,41.5,12.20340909090909,6.763856902465289,0.0,0.0,0.0,Santa Cruz California St,36.966747,-122.034424,
196279,171,0.9,8.3,44.3,11.22982456140351,8.81160261004067,0.0,0.0,0.0,Chartwell School,36.63665,-121.80296,
196427,264,0.5,9.05,28.1,9.915909090909091,5.488381500023752,0.0,0.0,0.0,Outside the pain cave,36.973625,-122.035675,
196433,264,0.1,4.0,27.7,5.159090909090909,4.718605751178003,0.0,0.0,0.0,Del Mesa Carmel,36.542767,-121.87376,
196445,264,0.6,8.45,47.9,11.378409090909091,8.949925532714435,0.0,0.0,0.0,ConcordCourtMarina,36.67211,-121.79088,
196803,161,0.6,10.6,728.1,57.5583850931677,107.99363092273441,0.055900621118012424,0.006211180124223602,0.0,Ohlone,36.46592,-121.79565,
197591,264,0.0,1.0,36.1,2.5375,4.123086605432093,0.0,0.0,0.0,Bear Creek Road,37.170845,-122.05572,
198223,264,0.2,6.0,30.2,6.743939393939394,4.698826931930659,0.0,0.0,0.0,Walnut + King,36.973297,-122.03977,
198861,264,0.8,9.55,39.9,11.86590909090909,8.308883235145277,0.0,0.0,0.0,Spruce St,36.9795,-121.91929,
209511,264,0.3,35.05,101.9,34.21477272727273,20.22647367215818,0.0,0.0,0.0,Keller Drive,37.13154,-122.109795,
219125,264,0.3,12.100000000000001,2123.1,346.72727272727275,713.7099986290677,0.18181818181818182,0.18181818181818182,0.17803030303030304,Football stadium,36.83766,-121.404106,repeated_extreme_spikes
224985,264,0.6,11.6,48.4,14.834848484848486,10.544232271601766,0.0,0.0,0.0,500 Westridge,36.91058,-121.78283,
231181,264,0.0,4.2,27.1,6.41969696969697,6.1150246854792965,0.0,0.0,0.0,4575 Paul Sweet,37.018036,-121.98132,
233659,264,3.0,14.350000000000001,53.8,16.90113636363636,10.638660694155284,0.0,0.0,0.0,Crocker,36.628696,-121.933205,
237037,264,0.0,2.8,30.9,5.703409090909091,6.6168373005860275,0.0,0.0,0.0,New Idria,36.417637,-120.67252,
237281,264,2.3,12.95,40.3,15.542424242424241,9.16511090925963,0.0,0.0,0.0,13th Street Central,36.62062,-121.91505,
238631,264,0.3,12.899999999999999,49.9,16.218560606060606,11.908005910494577,0.0,0.0,0.0,Aguilar Home,36.92286,-121.769875,
243529,262,0.5,19.8,84.3,24.4706106870229,17.190909531111455,0.0,0.0,0.0,huckleberry,37.130642,-122.11917,
249427,264,0.1,9.3,77.3,11.11780303030303,9.5862675715552,0.0,0.0,0.0,Gold Gulch Rd,37.031773,-122.094,
250327,264,0.1,6.15,182.3,10.472727272727273,15.559951962690326,0.0,0.0,0.0,Tabor Dr,37.072155,-121.99598,
256291,43,1.9,3.9,14.1,4.904651162790698,2.5846574322493785,0.0,0.0,0.0,Terrace Grove,37.104416,-121.950966,
257689,71,1.5,6.3,16.9,6.907042253521126,2.9828712890033597,0.0,0.0,0.0,St Andrews Dr,36.964336,-121.88147,
